"时间戳记","您的代号是？","无AR辅助的搭讪体验如何？","AR眼镜+多模态辅助的搭讪体验如何？","AR眼镜+多模态+智能体辅助的搭讪体验如何？","以下问题都是关于AR眼镜+多模态+智能体辅助的体验","你感觉信息匹配度如何？","您觉得对方的提问是否得当？","您觉得对方的开场白是否自然？","您认为对话的节奏如何","在对话过程中，您是否感受到对方对您的兴趣是真诚的？","对话过程中，您的情绪变化如何？","在AI眼镜辅助的情况下，您是否感到更放松？","如果没有AI眼镜辅助，您觉得这次对话还会发生吗？","您愿意与搭讪人再一次交流吗？","您觉得AI眼镜能否让陌生人的交流更有深度？","如果下次有人用AI眼镜和您搭讪，您的接受度如何？","如果后续搭讪的人用邮件发送你们的合照给你，你会点击并打开吗","如果后续搭讪的人想添加您作为社交软件（如微信）好友，你会接受吗？","如果后续搭讪的人想你发送短信，你会打开并回复吗？","如果后续搭讪的人给你打电话，你会接听吗？","交谈前，你对搭讪的人的信任程度如何？","交谈后，你对搭讪的人的信任程度如何？","关于AR社交的整体感受，想法和建议如何？"
"2025/03/23 11:04:21 上午 GMT+8","002","比较不好 （2）","比较好 （4）","非常好（5）","","匹配 （3）","还不错，能引起我的兴趣（4）","比较自然，没有刻意感（4）","流畅自如，没有压力（5）","大部分时间是的（4）","还不错，没有不适感（4）","是的，降低了社交压力（5）","可能会，有一定可能性（2）","非常有可能，我愿意继续互动（5）","有一定帮助，但还需要改进（4）","完全可以，感觉挺有趣（5）","可能会 （4）","可能会 （4）","可能会 （4）","一定会 （5）","不信任 （1）","相对信任（4）",""
"2025/03/23 11:15:20 上午 GMT+8","001","比较不好 （2）","非常好（5）","非常好（5）","","非常匹配（5）","很自然，像朋友间的交流（5）","比较自然，没有刻意感（4）","流畅自如，没有压力（5）","大部分时间是的（4）","越聊越开心（5）","是的，降低了社交压力（5）","可能不会，AI眼镜提供的信息有辅助作用（4）","会，这次互动像朋友一样（4）","是的，更容易敞开心扉深入交流（5）","可以，很感兴趣（4）","可能会 （4）","可能会 （4）","可能会 （4）","可能会 （4）","相对不信任 （2）","相对信任（4）",""
"2025/03/23 11:26:53 上午 GMT+8","002","比较不好 （2）","比较好 （4）","比较好 （4）","","比较匹配 （4）","还不错，能引起我的兴趣（4）","非常自然，像熟人聊天（5）","比较顺畅（4）","是的，很真诚（5）","越聊越开心（5）","是的，降低了社交压力（5）","不知道，对方可能不会主动（3）","非常有可能，我愿意继续互动（5）","有一定帮助，但还需要改进（4）","完全可以，感觉挺有趣（5）","可能会 （4）","可能会 （4）","一定会 （5）","可能会 （4）","相对不信任 （2）","相对信任（4）",""
"2025/03/23 11:33:46 上午 GMT+8","004","一般 （3）","比较好 （4）","非常好（5）","","比较匹配 （4）","还不错，能引起我的兴趣（4）","比较自然，没有刻意感（4）","比较顺畅（4）","大部分时间是的（4）","还不错，没有不适感（4）","有一点帮助（4）","可能不会，AI眼镜提供的信息有辅助作用（4）","可能会，看情况（3）","有一定帮助，但还需要改进（4）","可以，很感兴趣（4）","一定会 （5）","可能会 （4）","可能会 （4）","可能会 （4）","相对信任（4）","相对信任（4）","感觉新奇"
"2025/03/23 11:38:29 上午 GMT+8","006","比较不好 （2）","比较好 （4）","非常好（5）","非常神奇","比较匹配 （4）","很自然，像朋友间的交流（5）","非常自然，像熟人聊天（5）","比较顺畅（4）","大部分时间是的（4）","越聊越开心（5）","是的，降低了社交压力（5）","不知道，对方可能不会主动（3）","会，这次互动像朋友一样（4）","有一定帮助，但还需要改进（4）","完全可以，感觉挺有趣（5）","可能会 （4）","一定会 （5）","可能会 （4）","一定会 （5）","不确定（3）","相对信任（4）","非常不错，希望大力推行，科技改变生活，太棒了"
"2025/03/23 11:43:56 上午 GMT+8","008","比较不好 （2）","比较好 （4）","非常好（5）","","非常匹配（5）","很自然，像朋友间的交流（5）","非常自然，像熟人聊天（5）","流畅自如，没有压力（5）","是的，很真诚（5）","越聊越开心（5）","是的，降低了社交压力（5）","完全不会，AI眼镜是关键因素（5）","会，这次互动像朋友一样（4）","是的，更容易敞开心扉深入交流（5）","可以，很感兴趣（4）","可能会 （4）","一定会 （5）","一定会 （5）","一定会 （5）","相对信任（4）","相对信任（4）","感受蛮好"
"2025/03/23 11:48:16 上午 GMT+8","009","比较不好 （2）","比较好 （4）","非常好（5）","非常好","非常匹配（5）","很自然，像朋友间的交流（5）","非常自然，像熟人聊天（5）","流畅自如，没有压力（5）","是的，很真诚（5）","越聊越开心（5）","是的，降低了社交压力（5）","不知道，对方可能不会主动（3）","非常有可能，我愿意继续互动（5）","是的，更容易敞开心扉深入交流（5）","完全可以，感觉挺有趣（5）","一定会 （5）","一定会 （5）","一定会 （5）","可能会 （4）","不信任 （1）","相对信任（4）","非常好，科技改变生活"
"2025/03/23 11:51:00 上午 GMT+8","005","非常好（5）","非常好（5）","非常好（5）","","非常匹配（5）","很自然，像朋友间的交流（5）","非常自然，像熟人聊天（5）","流畅自如，没有压力（5）","是的，很真诚（5）","越聊越开心（5）","是的，降低了社交压力（5）","完全不会，AI眼镜是关键因素（5）","非常有可能，我愿意继续互动（5）","是的，更容易敞开心扉深入交流（5）","完全可以，感觉挺有趣（5）","一定会 （5）","一定会 （5）","一定会 （5）","一定会 （5）","信任（5）","信任（5）",""
"2025/03/23 11:56:11 上午 GMT+8","007","非常好（5）","比较好 （4）","比较好 （4）","","非常匹配（5）","还不错，能引起我的兴趣（4）","一般，稍微有些刻意（3）","流畅自如，没有压力（5）","是的，很真诚（5）","越聊越开心（5）","有一点帮助（4）","可能不会，AI眼镜提供的信息有辅助作用（4）","会，这次互动像朋友一样（4）","影响不大，主要看对话质量（3）","可以，很感兴趣（4）","可能会 （4）","可能会 （4）","不确定（3）","可能不会 （2）","相对不信任 （2）","相对信任（4）","无"
"2025/03/23 12:01:15 下午 GMT+8","010","非常好（5）","非常好（5）","非常好（5）","挺不错的","比较匹配 （4）","还不错，能引起我的兴趣（4）","比较自然，没有刻意感（4）","比较顺畅（4）","大部分时间是的（4）","还不错，没有不适感（4）","有一点帮助（4）","可能不会，AI眼镜提供的信息有辅助作用（4）","可能会，看情况（3）","是的，更容易敞开心扉深入交流（5）","完全可以，感觉挺有趣（5）","一定会 （5）","一定会 （5）","一定会 （5）","一定会 （5）","相对信任（4）","信任（5）",""
"2025/03/23 12:05:45 下午 GMT+8","011","一般 （3）","非常好（5）","非常好（5）","","非常匹配（5）","很自然，像朋友间的交流（5）","非常自然，像熟人聊天（5）","流畅自如，没有压力（5）","是的，很真诚（5）","越聊越开心（5）","是的，降低了社交压力（5）","不知道，对方可能不会主动（3）","非常有可能，我愿意继续互动（5）","是的，更容易敞开心扉深入交流（5）","完全可以，感觉挺有趣（5）","一定会 （5）","可能会 （4）","一定会 （5）","可能会 （4）","相对不信任 （2）","相对信任（4）","比较新奇有趣"
"2025/03/23 12:17:23 下午 GMT+8","003","一般 （3）","比较好 （4）","非常好（5）","","非常匹配（5）","很自然，像朋友间的交流（5）","非常自然，像熟人聊天（5）","流畅自如，没有压力（5）","是的，很真诚（5）","越聊越开心（5）","是的，降低了社交压力（5）","可能不会，AI眼镜提供的信息有辅助作用（4）","非常有可能，我愿意继续互动（5）","是的，更容易敞开心扉深入交流（5）","可以，很感兴趣（4）","可能会 （4）","一定会 （5）","可能会 （4）","不确定（3）","相对信任（4）","信任（5）",""
"2025/03/23 12:19:11 下午 GMT+8","013","比较不好 （2）","一般 （3）","比较好 （4）","","匹配 （3）","还不错，能引起我的兴趣（4）","非常自然，像熟人聊天（5）","比较顺畅（4）","有点刻意（3）","还不错，没有不适感（4）","有一点帮助（4）","不知道，对方可能不会主动（3）","会，这次互动像朋友一样（4）","有一定帮助，但还需要改进（4）","视情况而定（3）","可能会 （4）","可能会 （4）","可能会 （4）","不确定（3）","不确定（3）","相对信任（4）","语气不够自然"
"2025/03/23 12:23:47 下午 GMT+8","014","一般 （3）","比较好 （4）","比较好 （4）","","比较匹配 （4）","还不错，能引起我的兴趣（4）","非常自然，像熟人聊天（5）","比较顺畅（4）","大部分时间是的（4）","还不错，没有不适感（4）","有一点帮助（4）","可能不会，AI眼镜提供的信息有辅助作用（4）","会，这次互动像朋友一样（4）","有一定帮助，但还需要改进（4）","可以，很感兴趣（4）","可能会 （4）","一定会 （5）","一定会 （5）","一定会 （5）","信任（5）","信任（5）",""
"2025/03/23 12:25:55 下午 GMT+8","015","比较不好 （2）","一般 （3）","非常好（5）","","比较匹配 （4）","很自然，像朋友间的交流（5）","比较自然，没有刻意感（4）","比较顺畅（4）","是的，很真诚（5）","越聊越开心（5）","是的，降低了社交压力（5）","可能不会，AI眼镜提供的信息有辅助作用（4）","非常有可能，我愿意继续互动（5）","是的，更容易敞开心扉深入交流（5）","完全可以，感觉挺有趣（5）","可能会 （4）","一定会 （5）","可能会 （4）","可能会 （4）","不确定（3）","相对信任（4）","我觉得这可以增进人与人的深度交流，体验很好"
"2025/03/23 3:08:52 下午 GMT+8","051","非常好（5）","比较好 （4）","非常好（5）","","非常匹配（5）","还不错，能引起我的兴趣（4）","比较自然，没有刻意感（4）","比较顺畅（4）","大部分时间是的（4）","还不错，没有不适感（4）","有一点帮助（4）","可能不会，AI眼镜提供的信息有辅助作用（4）","会，这次互动像朋友一样（4）","有一定帮助，但还需要改进（4）","完全可以，感觉挺有趣（5）","一定会 （5）","一定会 （5）","一定会 （5）","一定会 （5）","信任（5）","信任（5）",""
"2025/03/23 3:15:28 下午 GMT+8","057","比较不好 （2）","一般 （3）","非常好（5）","","非常匹配（5）","很自然，像朋友间的交流（5）","非常自然，像熟人聊天（5）","比较顺畅（4）","是的，很真诚（5）","还不错，没有不适感（4）","是的，降低了社交压力（5）","可能不会，AI眼镜提供的信息有辅助作用（4）","会，这次互动像朋友一样（4）","是的，更容易敞开心扉深入交流（5）","可以，很感兴趣（4）","可能会 （4）","一定会 （5）","可能会 （4）","可能会 （4）","不确定（3）","相对信任（4）","AR社交更多地建立了交流的基础，让社交变得更容易了"
"2025/03/23 3:16:38 下午 GMT+8","052","非常好（5）","非常好（5）","非常好（5）","","比较匹配 （4）","还不错，能引起我的兴趣（4）","比较自然，没有刻意感（4）","比较顺畅（4）","大部分时间是的（4）","还不错，没有不适感（4）","有一点帮助（4）","可能不会，AI眼镜提供的信息有辅助作用（4）","非常有可能，我愿意继续互动（5）","有一定帮助，但还需要改进（4）","可以，很感兴趣（4）","一定会 （5）","一定会 （5）","一定会 （5）","一定会 （5）","信任（5）","不确定（3）",""
"2025/03/23 3:21:23 下午 GMT+8","058","比较不好 （2）","一般 （3）","非常好（5）","","非常匹配（5）","很自然，像朋友间的交流（5）","非常自然，像熟人聊天（5）","流畅自如，没有压力（5）","是的，很真诚（5）","还不错，没有不适感（4）","是的，降低了社交压力（5）","可能不会，AI眼镜提供的信息有辅助作用（4）","会，这次互动像朋友一样（4）","有一定帮助，但还需要改进（4）","完全可以，感觉挺有趣（5）","可能会 （4）","一定会 （5）","一定会 （5）","一定会 （5）","相对信任（4）","相对信任（4）","AR社交对社交的帮助很大，我很推荐！"
"2025/03/23 3:23:41 下午 GMT+8","054","一般 （3）","比较好 （4）","比较好 （4）","","比较匹配 （4）","很自然，像朋友间的交流（5）","比较自然，没有刻意感（4）","流畅自如，没有压力（5）","大部分时间是的（4）","越聊越开心（5）","是的，降低了社交压力（5）","可能不会，AI眼镜提供的信息有辅助作用（4）","会，这次互动像朋友一样（4）","是的，更容易敞开心扉深入交流（5）","视情况而定（3）","不确定（3）","不确定（3）","可能会 （4）","不确定（3）","信任（5）","相对信任（4）",""
"2025/03/23 3:27:44 下午 GMT+8","059","一般 （3）","比较好 （4）","非常好（5）","","非常匹配（5）","很自然，像朋友间的交流（5）","非常自然，像熟人聊天（5）","流畅自如，没有压力（5）","是的，很真诚（5）","越聊越开心（5）","是的，降低了社交压力（5）","可能不会，AI眼镜提供的信息有辅助作用（4）","非常有可能，我愿意继续互动（5）","是的，更容易敞开心扉深入交流（5）","可以，很感兴趣（4）","可能会 （4）","一定会 （5）","可能会 （4）","可能会 （4）","不确定（3）","相对信任（4）","整体感受很不错！AR社交让社交变得更简单了"
"2025/03/23 3:33:09 下午 GMT+8","020","非常不好（1）","比较好 （4）","非常好（5）","","比较匹配 （4）","还不错，能引起我的兴趣（4）","非常自然，像熟人聊天（5）","比较顺畅（4）","是的，很真诚（5）","还不错，没有不适感（4）","是的，降低了社交压力（5）","完全不会，AI眼镜是关键因素（5）","会，这次互动像朋友一样（4）","有一定帮助，但还需要改进（4）","可以，很感兴趣（4）","可能会 （4）","一定会 （5）","可能会 （4）","一定会 （5）","相对不信任 （2）","不确定（3）",""
"2025/03/23 3:37:01 下午 GMT+8","025","比较不好 （2）","比较好 （4）","非常好（5）","","非常匹配（5）","部分问题不太自然（3)","非常自然，像熟人聊天（5）","流畅自如，没有压力（5）","大部分时间是的（4）","越聊越开心（5）","是的，降低了社交压力（5）","可能不会，AI眼镜提供的信息有辅助作用（4）","非常有可能，我愿意继续互动（5）","有一定帮助，但还需要改进（4）","完全可以，感觉挺有趣（5）","可能会 （4）","可能会 （4）","可能会 （4）","一定会 （5）","信任（5）","信任（5）",""
"2025/03/23 3:38:54 下午 GMT+8","47","比较不好 （2）","一般 （3）","比较好 （4）","","比较匹配 （4）","部分问题不太自然（3)","一般，稍微有些刻意（3）","比较顺畅（4）","是的，很真诚（5）","还不错，没有不适感（4）","是的，降低了社交压力（5）","可能会，有一定可能性（2）","会，这次互动像朋友一样（4）","有一定帮助，但还需要改进（4）","可以，很感兴趣（4）","可能会 （4）","不确定（3）","一定会 （5）","可能会 （4）","相对不信任 （2）","相对信任（4）",""
"2025/03/23 3:39:53 下午 GMT+8","49","比较不好 （2）","一般 （3）","比较好 （4）","","比较不匹配 （2）","部分问题不太自然（3)","比较自然，没有刻意感（4）","比较顺畅（4）","有点刻意（3）","还不错，没有不适感（4）","有一点帮助（4）","完全不会，AI眼镜是关键因素（5）","可能会，看情况（3）","有一定帮助，但还需要改进（4）","完全可以，感觉挺有趣（5）","不确定（3）","可能会 （4）","可能会 （4）","不确定（3）","相对不信任 （2）","相对信任（4）",""
"2025/03/23 3:40:49 下午 GMT+8","50","比较不好 （2）","一般 （3）","比较好 （4）","","比较匹配 （4）","很自然，像朋友间的交流（5）","非常自然，像熟人聊天（5）","流畅自如，没有压力（5）","大部分时间是的（4）","还不错，没有不适感（4）","是的，降低了社交压力（5）","不知道，对方可能不会主动（3）","非常有可能，我愿意继续互动（5）","有一定帮助，但还需要改进（4）","可以，很感兴趣（4）","可能会 （4）","可能会 （4）","可能会 （4）","不确定（3）","不信任 （1）","信任（5）",""
"2025/03/23 4:02:22 下午 GMT+8","055","比较好 （4）","非常好（5）","非常好（5）","","非常匹配（5）","还不错，能引起我的兴趣（4）","非常自然，像熟人聊天（5）","比较顺畅（4）","是的，很真诚（5）","越聊越开心（5）","有一点帮助（4）","可能不会，AI眼镜提供的信息有辅助作用（4）","非常有可能，我愿意继续互动（5）","是的，更容易敞开心扉深入交流（5）","完全可以，感觉挺有趣（5）","可能会 （4）","可能会 （4）","可能会 （4）","可能会 （4）","相对信任（4）","相对信任（4）",""
"2025/03/23 4:03:08 下午 GMT+8","056","比较好 （4）","非常好（5）","非常好（5）","","非常匹配（5）","很自然，像朋友间的交流（5）","非常自然，像熟人聊天（5）","比较顺畅（4）","大部分时间是的（4）","还不错，没有不适感（4）","有一点帮助（4）","可能不会，AI眼镜提供的信息有辅助作用（4）","会，这次互动像朋友一样（4）","有一定帮助，但还需要改进（4）","可以，很感兴趣（4）","可能会 （4）","可能会 （4）","可能会 （4）","可能会 （4）","相对信任（4）","相对信任（4）",""
"2025/03/23 4:03:50 下午 GMT+8","073","比较好 （4）","非常好（5）","非常好（5）","","非常匹配（5）","很自然，像朋友间的交流（5）","非常自然，像熟人聊天（5）","流畅自如，没有压力（5）","是的，很真诚（5）","越聊越开心（5）","是的，降低了社交压力（5）","完全不会，AI眼镜是关键因素（5）","非常有可能，我愿意继续互动（5）","是的，更容易敞开心扉深入交流（5）","完全可以，感觉挺有趣（5）","一定会 （5）","一定会 （5）","一定会 （5）","一定会 （5）","信任（5）","信任（5）",""
"2025/03/25 4:05:14 下午 GMT+8","005","非常好（5）","非常好（5）","非常好（5）","","非常匹配（5）","很自然，像朋友间的交流（5）","非常自然，像熟人聊天（5）","流畅自如，没有压力（5）","是的，很真诚（5）","越聊越开心（5）","是的，降低了社交压力（5）","完全不会，AI眼镜是关键因素（5）","非常有可能，我愿意继续互动（5）","是的，更容易敞开心扉深入交流（5）","完全可以，感觉挺有趣（5）","一定会 （5）","一定会 （5）","一定会 （5）","一定会 （5）","信任（5）","信任（5）",""
"2025/03/25 6:38:30 下午 GMT+8","037","非常好（5）","非常好（5）","非常好（5）","","非常匹配（5）","很自然，像朋友间的交流（5）","非常自然，像熟人聊天（5）","流畅自如，没有压力（5）","是的，很真诚（5）","越聊越开心（5）","是的，降低了社交压力（5）","完全不会，AI眼镜是关键因素（5）","非常有可能，我愿意继续互动（5）","是的，更容易敞开心扉深入交流（5）","完全可以，感觉挺有趣（5）","一定会 （5）","一定会 （5）","一定会 （5）","一定会 （5）","相对信任（4）","信任（5）",""
"2025/03/25 6:39:18 下午 GMT+8","038","非常好（5）","非常好（5）","非常好（5）","","非常匹配（5）","很自然，像朋友间的交流（5）","非常自然，像熟人聊天（5）","流畅自如，没有压力（5）","是的，很真诚（5）","越聊越开心（5）","是的，降低了社交压力（5）","完全不会，AI眼镜是关键因素（5）","非常有可能，我愿意继续互动（5）","是的，更容易敞开心扉深入交流（5）","完全可以，感觉挺有趣（5）","一定会 （5）","一定会 （5）","一定会 （5）","一定会 （5）","信任（5）","信任（5）",""
"2025/03/25 6:40:03 下午 GMT+8","037","非常好（5）","非常好（5）","非常好（5）","","非常匹配（5）","很自然，像朋友间的交流（5）","非常自然，像熟人聊天（5）","流畅自如，没有压力（5）","是的，很真诚（5）","越聊越开心（5）","是的，降低了社交压力（5）","完全不会，AI眼镜是关键因素（5）","非常有可能，我愿意继续互动（5）","是的，更容易敞开心扉深入交流（5）","完全可以，感觉挺有趣（5）","一定会 （5）","一定会 （5）","一定会 （5）","一定会 （5）","信任（5）","信任（5）",""
"2025/03/26 1:20:23 下午 GMT+8","16","非常不好（1）","比较好 （4）","非常好（5）","","非常匹配（5）","很自然，像朋友间的交流（5）","非常自然，像熟人聊天（5）","流畅自如，没有压力（5）","是的，很真诚（5）","还不错，没有不适感（4）","是的，降低了社交压力（5）","可能不会，AI眼镜提供的信息有辅助作用（4）","会，这次互动像朋友一样（4）","是的，更容易敞开心扉深入交流（5）","可以，很感兴趣（4）","可能会 （4）","可能会 （4）","可能会 （4）","可能会 （4）","相对不信任 （2）","相对信任（4）",""
"2025/03/26 1:22:01 下午 GMT+8","17","比较不好 （2）","比较好 （4）","非常好（5）","","非常匹配（5）","还不错，能引起我的兴趣（4）","非常自然，像熟人聊天（5）","流畅自如，没有压力（5）","是的，很真诚（5）","还不错，没有不适感（4）","是的，降低了社交压力（5）","完全不会，AI眼镜是关键因素（5）","非常有可能，我愿意继续互动（5）","有一定帮助，但还需要改进（4）","完全可以，感觉挺有趣（5）","可能会 （4）","可能会 （4）","可能会 （4）","可能会 （4）","不信任 （1）","相对信任（4）",""
"2025/03/26 1:22:46 下午 GMT+8","18","一般 （3）","非常好（5）","非常好（5）","","非常匹配（5）","很自然，像朋友间的交流（5）","非常自然，像熟人聊天（5）","流畅自如，没有压力（5）","是的，很真诚（5）","越聊越开心（5）","是的，降低了社交压力（5）","完全不会，AI眼镜是关键因素（5）","非常有可能，我愿意继续互动（5）","是的，更容易敞开心扉深入交流（5）","完全可以，感觉挺有趣（5）","可能会 （4）","可能会 （4）","可能会 （4）","可能会 （4）","不信任 （1）","信任（5）",""
"2025/03/26 2:09:58 下午 GMT+8","026","非常不好（1）","比较好 （4）","非常好（5）","","比较匹配 （4）","很自然，像朋友间的交流（5）","非常自然，像熟人聊天（5）","流畅自如，没有压力（5）","是的，很真诚（5）","越聊越开心（5）","是的，降低了社交压力（5）","完全不会，AI眼镜是关键因素（5）","非常有可能，我愿意继续互动（5）","有一定帮助，但还需要改进（4）","完全可以，感觉挺有趣（5）","一定会 （5）","可能会 （4）","一定会 （5）","可能会 （4）","信任（5）","信任（5）",""
"2025/03/26 2:10:42 下午 GMT+8","045","一般 （3）","比较好 （4）","非常好（5）","","非常匹配（5）","很自然，像朋友间的交流（5）","非常自然，像熟人聊天（5）","流畅自如，没有压力（5）","是的，很真诚（5）","越聊越开心（5）","是的，降低了社交压力（5）","完全不会，AI眼镜是关键因素（5）","非常有可能，我愿意继续互动（5）","是的，更容易敞开心扉深入交流（5）","完全可以，感觉挺有趣（5）","一定会 （5）","可能会 （4）","一定会 （5）","一定会 （5）","相对不信任 （2）","信任（5）",""
"2025/03/26 2:10:51 下午 GMT+8","031","比较不好 （2）","比较好 （4）","非常好（5）","","比较匹配 （4）","还不错，能引起我的兴趣（4）","非常自然，像熟人聊天（5）","流畅自如，没有压力（5）","是的，很真诚（5）","越聊越开心（5）","是的，降低了社交压力（5）","不知道，对方可能不会主动（3）","非常有可能，我愿意继续互动（5）","是的，更容易敞开心扉深入交流（5）","完全可以，感觉挺有趣（5）","一定会 （5）","一定会 （5）","一定会 （5）","一定会 （5）","信任（5）","信任（5）",""
"2025/03/26 2:11:43 下午 GMT+8","053","一般 （3）","比较好 （4）","非常好（5）","","非常匹配（5）","很自然，像朋友间的交流（5）","比较自然，没有刻意感（4）","流畅自如，没有压力（5）","是的，很真诚（5）","越聊越开心（5）","是的，降低了社交压力（5）","完全不会，AI眼镜是关键因素（5）","非常有可能，我愿意继续互动（5）","是的，更容易敞开心扉深入交流（5）","完全可以，感觉挺有趣（5）","一定会 （5）","一定会 （5）","一定会 （5）","一定会 （5）","相对不信任 （2）","相对信任（4）",""
"2025/03/26 2:12:50 下午 GMT+8","048","一般 （3）","比较好 （4）","非常好（5）","","比较匹配 （4）","还不错，能引起我的兴趣（4）","非常自然，像熟人聊天（5）","比较顺畅（4）","大部分时间是的（4）","越聊越开心（5）","有一点帮助（4）","完全不会，AI眼镜是关键因素（5）","非常有可能，我愿意继续互动（5）","是的，更容易敞开心扉深入交流（5）","可以，很感兴趣（4）","可能会 （4）","可能会 （4）","一定会 （5）","可能会 （4）","不确定（3）","相对信任（4）",""
"2025/03/26 2:51:25 下午 GMT+8","021","一般 （3）","比较好 （4）","比较好 （4）","","比较匹配 （4）","部分问题不太自然（3)","一般，稍微有些刻意（3）","比较顺畅（4）","是的，很真诚（5）","一般，没什么特别感觉（3）","是的，降低了社交压力（5）","完全不会，AI眼镜是关键因素（5）","可能会，看情况（3）","有一定帮助，但还需要改进（4）","可以，很感兴趣（4）","可能不会 （2）","可能会 （4）","可能不会 （2）","可能会 （4）","相对不信任 （2）","不确定（3）",""
"2025/03/26 2:52:54 下午 GMT+8","024","比较不好 （2）","比较好 （4）","非常好（5）","","非常匹配（5）","很自然，像朋友间的交流（5）","一般，稍微有些刻意（3）","比较顺畅（4）","是的，很真诚（5）","一般，没什么特别感觉（3）","是的，降低了社交压力（5）","可能不会，AI眼镜提供的信息有辅助作用（4）","可能会，看情况（3）","有一定帮助，但还需要改进（4）","完全可以，感觉挺有趣（5）","可能不会 （2）","可能会 （4）","可能不会 （2）","可能会 （4）","不信任 （1）","相对信任（4）",""
"2025/03/26 3:09:04 下午 GMT+8","08","非常好（5）","非常好（5）","非常好（5）","挺好","非常匹配（5）","很自然，像朋友间的交流（5）","比较自然，没有刻意感（4）","比较顺畅（4）","大部分时间是的（4）","还不错，没有不适感（4）","是的，降低了社交压力（5）","完全不会，AI眼镜是关键因素（5）","非常有可能，我愿意继续互动（5）","是的，更容易敞开心扉深入交流（5）","可以，很感兴趣（4）","一定会 （5）","一定会 （5）","可能会 （4）","可能会 （4）","相对信任（4）","信任（5）",""
"2025/03/26 3:10:40 下午 GMT+8","037","非常好（5）","非常好（5）","比较好 （4）","","非常匹配（5）","很自然，像朋友间的交流（5）","非常自然，像熟人聊天（5）","流畅自如，没有压力（5）","是的，很真诚（5）","还不错，没有不适感（4）","有一点帮助（4）","完全不会，AI眼镜是关键因素（5）","会，这次互动像朋友一样（4）","有一定帮助，但还需要改进（4）","可以，很感兴趣（4）","一定会 （5）","一定会 （5）","一定会 （5）","可能会 （4）","相对信任（4）","相对信任（4）",""
"2025/03/26 3:11:51 下午 GMT+8","038","非常好（5）","非常好（5）","比较好 （4）","","比较匹配 （4）","还不错，能引起我的兴趣（4）","非常自然，像熟人聊天（5）","流畅自如，没有压力（5）","大部分时间是的（4）","还不错，没有不适感（4）","有一点帮助（4）","可能不会，AI眼镜提供的信息有辅助作用（4）","非常有可能，我愿意继续互动（5）","是的，更容易敞开心扉深入交流（5）","完全可以，感觉挺有趣（5）","一定会 （5）","一定会 （5）","一定会 （5）","一定会 （5）","信任（5）","信任（5）",""
"2025/03/26 3:12:26 下午 GMT+8","039","非常好（5）","非常好（5）","非常好（5）","","非常匹配（5）","很自然，像朋友间的交流（5）","非常自然，像熟人聊天（5）","流畅自如，没有压力（5）","是的，很真诚（5）","越聊越开心（5）","有一点帮助（4）","可能不会，AI眼镜提供的信息有辅助作用（4）","会，这次互动像朋友一样（4）","有一定帮助，但还需要改进（4）","可以，很感兴趣（4）","可能会 （4）","可能会 （4）","可能会 （4）","可能会 （4）","信任（5）","信任（5）",""
"2025/03/27 11:41:31 上午 GMT+8","043","非常不好（1）","一般 （3）","非常好（5）","","非常匹配（5）","很自然，像朋友间的交流（5）","非常自然，像熟人聊天（5）","流畅自如，没有压力（5）","大部分时间是的（4）","越聊越开心（5）","是的，降低了社交压力（5）","可能不会，AI眼镜提供的信息有辅助作用（4）","非常有可能，我愿意继续互动（5）","是的，更容易敞开心扉深入交流（5）","完全可以，感觉挺有趣（5）","一定会 （5）","可能会 （4）","一定会 （5）","可能会 （4）","不信任 （1）","相对信任（4）","非常好"
"2025/03/27 11:43:08 上午 GMT+8","044","比较不好 （2）","一般 （3）","非常好（5）","","非常匹配（5）","还不错，能引起我的兴趣（4）","比较自然，没有刻意感（4）","流畅自如，没有压力（5）","大部分时间是的（4）","还不错，没有不适感（4）","是的，降低了社交压力（5）","完全不会，AI眼镜是关键因素（5）","会，这次互动像朋友一样（4）","有一定帮助，但还需要改进（4）","可以，很感兴趣（4）","可能会 （4）","可能会 （4）","一定会 （5）","不确定（3）","不信任 （1）","相对信任（4）","科技改变生活"
"2025/03/27 11:44:37 上午 GMT+8","046","比较不好 （2）","一般 （3）","非常好（5）","","非常匹配（5）","很自然，像朋友间的交流（5）","非常自然，像熟人聊天（5）","比较顺畅（4）","是的，很真诚（5）","还不错，没有不适感（4）","是的，降低了社交压力（5）","完全不会，AI眼镜是关键因素（5）","非常有可能，我愿意继续互动（5）","是的，更容易敞开心扉深入交流（5）","完全可以，感觉挺有趣（5）","一定会 （5）","可能会 （4）","可能会 （4）","不确定（3）","不信任 （1）","信任（5）","非常不错的体验"
"2025/03/27 1:46:34 下午 GMT+8","022","比较不好 （2）","比较好 （4）","非常好（5）","","比较匹配 （4）","还不错，能引起我的兴趣（4）","比较自然，没有刻意感（4）","比较顺畅（4）","大部分时间是的（4）","还不错，没有不适感（4）","是的，降低了社交压力（5）","不知道，对方可能不会主动（3）","可能会，看情况（3）","影响不大，主要看对话质量（3）","视情况而定（3）","可能会 （4）","可能会 （4）","可能会 （4）","可能会 （4）","相对信任（4）","相对信任（4）",""
"2025/03/27 1:52:26 下午 GMT+8","023","比较不好 （2）","比较好 （4）","非常好（5）","","比较匹配 （4）","还不错，能引起我的兴趣（4）","比较自然，没有刻意感（4）","比较顺畅（4）","大部分时间是的（4）","还不错，没有不适感（4）","是的，降低了社交压力（5）","可能不会，AI眼镜提供的信息有辅助作用（4）","会，这次互动像朋友一样（4）","是的，更容易敞开心扉深入交流（5）","完全可以，感觉挺有趣（5）","可能会 （4）","可能会 （4）","可能会 （4）","可能会 （4）","相对信任（4）","相对信任（4）",""
"2025/03/27 2:44:39 下午 GMT+8","31","一般 （3）","比较好 （4）","非常好（5）","很不错","比较匹配 （4）","还不错，能引起我的兴趣（4）","比较自然，没有刻意感（4）","比较顺畅（4）","大部分时间是的（4）","还不错，没有不适感（4）","是的，降低了社交压力（5）","不知道，对方可能不会主动（3）","会，这次互动像朋友一样（4）","是的，更容易敞开心扉深入交流（5）","可以，很感兴趣（4）","可能会 （4）","可能会 （4）","可能会 （4）","可能会 （4）","相对信任（4）","相对信任（4）",""
"2025/03/27 2:45:22 下午 GMT+8","032","非常好（5）","比较好 （4）","非常好（5）","","非常匹配（5）","很自然，像朋友间的交流（5）","非常自然，像熟人聊天（5）","比较顺畅（4）","大部分时间是的（4）","还不错，没有不适感（4）","有一点帮助（4）","可能不会，AI眼镜提供的信息有辅助作用（4）","可能会，看情况（3）","有一定帮助，但还需要改进（4）","可以，很感兴趣（4）","一定会 （5）","可能会 （4）","可能会 （4）","可能会 （4）","信任（5）","相对信任（4）",""
"2025/03/27 2:45:53 下午 GMT+8","033","非常好（5）","非常好（5）","非常好（5）","","非常匹配（5）","很自然，像朋友间的交流（5）","比较自然，没有刻意感（4）","流畅自如，没有压力（5）","是的，很真诚（5）","还不错，没有不适感（4）","有一点帮助（4）","可能不会，AI眼镜提供的信息有辅助作用（4）","会，这次互动像朋友一样（4）","有一定帮助，但还需要改进（4）","可以，很感兴趣（4）","可能会 （4）","一定会 （5）","一定会 （5）","一定会 （5）","信任（5）","信任（5）",""
"2025/03/30 5:11:58 下午 GMT+8","040","一般 （3）","比较好 （4）","非常好（5）","","非常匹配（5）","很自然，像朋友间的交流（5）","比较自然，没有刻意感（4）","比较顺畅（4）","有点刻意（3）","还不错，没有不适感（4）","感觉没太大区别（3）","不知道，对方可能不会主动（3）","会，这次互动像朋友一样（4）","有一定帮助，但还需要改进（4）","可以，很感兴趣（4）","可能会 （4）","可能会 （4）","可能会 （4）","不确定（3）","相对不信任 （2）","相对不信任 （2）",""
"2025/03/30 5:12:44 下午 GMT+8","041","比较不好 （2）","一般 （3）","一般 （3）","","比较匹配 （4）","还不错，能引起我的兴趣（4）","一般，稍微有些刻意（3）","稍显刻意（3）","感觉有点套路化（2）","还不错，没有不适感（4）","有一点帮助（4）","可能不会，AI眼镜提供的信息有辅助作用（4）","可能不会，对方没让我产生兴趣（2）","影响不大，主要看对话质量（3）","完全可以，感觉挺有趣（5）","可能会 （4）","可能会 （4）","可能会 （4）","可能会 （4）","相对信任（4）","相对信任（4）",""
"2025/03/30 5:13:21 下午 GMT+8","042","一般 （3）","非常好（5）","非常好（5）","","非常匹配（5）","很自然，像朋友间的交流（5）","非常自然，像熟人聊天（5）","流畅自如，没有压力（5）","是的，很真诚（5）","越聊越开心（5）","是的，降低了社交压力（5）","完全不会，AI眼镜是关键因素（5）","非常有可能，我愿意继续互动（5）","是的，更容易敞开心扉深入交流（5）","完全可以，感觉挺有趣（5）","一定会 （5）","不确定（3）","不确定（3）","可能会 （4）","相对信任（4）","相对信任（4）",""
"2025/03/30 5:15:37 下午 GMT+8","059","一般 （3）","一般 （3）","一般 （3）","","匹配 （3）","部分问题不太自然（3)","一般，稍微有些刻意（3）","稍显刻意（3）","大部分时间是的（4）","还不错，没有不适感（4）","有一点帮助（4）","可能不会，AI眼镜提供的信息有辅助作用（4）","会，这次互动像朋友一样（4）","有一定帮助，但还需要改进（4）","可以，很感兴趣（4）","可能会 （4）","不确定（3）","可能不会 （2）","可能会 （4）","相对信任（4）","相对信任（4）",""
"2025/03/30 5:16:11 下午 GMT+8","060","比较不好 （2）","非常好（5）","比较好 （4）","","非常匹配（5）","很自然，像朋友间的交流（5）","非常自然，像熟人聊天（5）","流畅自如，没有压力（5）","是的，很真诚（5）","越聊越开心（5）","是的，降低了社交压力（5）","完全不会，AI眼镜是关键因素（5）","非常有可能，我愿意继续互动（5）","是的，更容易敞开心扉深入交流（5）","完全可以，感觉挺有趣（5）","一定会 （5）","一定会 （5）","一定会 （5）","可能会 （4）","相对信任（4）","信任（5）",""